[
    {
        "model": "vtuapp.plan",
        "pk": 6,
        "fields": {
            "network": 1,
            "plan_size": 500.0,
            "plan_Volume": "MB",
            "plan_amount": 220,
            "ussd_string": "*461*n*500*p#",
            "sms_command": "SMEB n 500 p",
            "Affilliate_price": 10000,
            "TopUser_price": 10000,
            "api_price": 100000,
            "plan_name_id": null,
            "smeplug_id": null,
            "vtpass_vairiation_code": null,
            "plan_type": "SME",
            "month_validate": "30 days"
        }
    },
    {
        "model": "vtuapp.plan",
        "pk": 7,
        "fields": {
            "network": 1,
            "plan_size": 1.0,
            "plan_Volume": "GB",
            "plan_amount": 330,
            "ussd_string": "*461*n*1000*p#",
            "sms_command": "SMEC n 1000 p",
            "Affilliate_price": 10000,
            "TopUser_price": 310,
            "api_price": 100000,
            "plan_name_id": null,
            "smeplug_id": null,
            "vtpass_vairiation_code": null,
            "plan_type": "SME",
            "month_validate": "30 days"
        }
    },
    {
        "model": "vtuapp.plan",
        "pk": 8,
        "fields": {
            "network": 1,
            "plan_size": 2.0,
            "plan_Volume": "GB",
            "plan_amount": 820,
            "ussd_string": "*461*n*2000*p#",
            "sms_command": "SMED n 2000 p",
            "Affilliate_price": 10000,
            "TopUser_price": 10000,
            "api_price": 100000,
            "plan_name_id": null,
            "smeplug_id": null,
            "vtpass_vairiation_code": null,
            "plan_type": "SME",
            "month_validate": "30 days"
        }
    },
    {
        "model": "vtuapp.plan",
        "pk": 11,
        "fields": {
            "network": 1,
            "plan_size": 5.0,
            "plan_Volume": "GB",
            "plan_amount": 2000,
            "ussd_string": "*461*n*5000*p#",
            "sms_command": "SMEF n 5000 p",
            "Affilliate_price": 10000,
            "TopUser_price": 1000,
            "api_price": 100000,
            "plan_name_id": null,
            "smeplug_id": null,
            "vtpass_vairiation_code": null,
            "plan_type": "",
            "month_validate": "30 days"
        }
    },
    {
        "model": "vtuapp.plan",
        "pk": 43,
        "fields": {
            "network": 1,
            "plan_size": 10.0,
            "plan_Volume": "GB",
            "plan_amount": 3400,
            "ussd_string": null,
            "sms_command": null,
            "Affilliate_price": 10000,
            "TopUser_price": 0,
            "api_price": 100000,
            "plan_name_id": null,
            "smeplug_id": null,
            "vtpass_vairiation_code": null,
            "plan_type": "",
            "month_validate": "30 days"
        }
    },
    {
        "model": "vtuapp.plan",
        "pk": 44,
        "fields": {
            "network": 1,
            "plan_size": 3.0,
            "plan_Volume": "GB",
            "plan_amount": 1230,
            "ussd_string": "*461*n*3000*p#",
            "sms_command": "SMEE n 3000 p",
            "Affilliate_price": 10000,
            "TopUser_price": 10000,
            "api_price": 100000,
            "plan_name_id": null,
            "smeplug_id": null,
            "vtpass_vairiation_code": null,
            "plan_type": "SME",
            "month_validate": "30 days"
        }
    },
    {
        "model": "vtuapp.plan",
        "pk": 49,
        "fields": {
            "network": 1,
            "plan_size": 6.0,
            "plan_Volume": "GB",
            "plan_amount": 2500,
            "ussd_string": null,
            "sms_command": null,
            "Affilliate_price": 10000,
            "TopUser_price": 0,
            "api_price": 100000,
            "plan_name_id": null,
            "smeplug_id": null,
            "vtpass_vairiation_code": null,
            "plan_type": "",
            "month_validate": "30 days"
        }
    },
    {
        "model": "vtuapp.plan",
        "pk": 50,
        "fields": {
            "network": 1,
            "plan_size": 15.0,
            "plan_Volume": "GB",
            "plan_amount": 5000,
            "ussd_string": null,
            "sms_command": null,
            "Affilliate_price": 10000,
            "TopUser_price": 0,
            "api_price": 100000,
            "plan_name_id": null,
            "smeplug_id": null,
            "vtpass_vairiation_code": null,
            "plan_type": "",
            "month_validate": "30 days"
        }
    },
    {
        "model": "vtuapp.plan",
        "pk": 51,
        "fields": {
            "network": 1,
            "plan_size": 40.0,
            "plan_Volume": "GB",
            "plan_amount": 10000,
            "ussd_string": null,
            "sms_command": null,
            "Affilliate_price": 10000,
            "TopUser_price": 0,
            "api_price": 100000,
            "plan_name_id": null,
            "smeplug_id": null,
            "vtpass_vairiation_code": null,
            "plan_type": "",
            "month_validate": "30 days"
        }
    },
    {
        "model": "vtuapp.plan",
        "pk": 52,
        "fields": {
            "network": 1,
            "plan_size": 75.0,
            "plan_Volume": "GB",
            "plan_amount": 15000,
            "ussd_string": null,
            "sms_command": null,
            "Affilliate_price": 10000,
            "TopUser_price": 0,
            "api_price": 100000,
            "plan_name_id": null,
            "smeplug_id": null,
            "vtpass_vairiation_code": null,
            "plan_type": "",
            "month_validate": "30 days"
        }
    },
    {
        "model": "vtuapp.plan",
        "pk": 145,
        "fields": {
            "network": 4,
            "plan_size": 1.5,
            "plan_Volume": "GB",
            "plan_amount": 850,
            "ussd_string": "*141*6*2*1*7*1*n*p#",
            "sms_command": null,
            "Affilliate_price": 100000,
            "TopUser_price": 100000,
            "api_price": 100000,
            "plan_name_id": null,
            "smeplug_id": null,
            "vtpass_vairiation_code": null,
            "plan_type": "GIFTING",
            "month_validate": "30 days"
        }
    },
    {
        "model": "vtuapp.plan",
        "pk": 146,
        "fields": {
            "network": 4,
            "plan_size": 2.0,
            "plan_Volume": "GB",
            "plan_amount": 1020,
            "ussd_string": "*141*6*2*1*6*1*n*p#",
            "sms_command": null,
            "Affilliate_price": 100000,
            "TopUser_price": 100000,
            "api_price": 100000,
            "plan_name_id": null,
            "smeplug_id": null,
            "vtpass_vairiation_code": null,
            "plan_type": "GIFTING",
            "month_validate": "30 days"
        }
    },
    {
        "model": "vtuapp.plan",
        "pk": 147,
        "fields": {
            "network": 4,
            "plan_size": 3.0,
            "plan_Volume": "GB",
            "plan_amount": 1275,
            "ussd_string": "*141*6*2*1*5*1*n*p#",
            "sms_command": null,
            "Affilliate_price": 100000,
            "TopUser_price": 100000,
            "api_price": 100000,
            "plan_name_id": null,
            "smeplug_id": null,
            "vtpass_vairiation_code": null,
            "plan_type": "GIFTING",
            "month_validate": "30 days"
        }
    },
    {
        "model": "vtuapp.plan",
        "pk": 148,
        "fields": {
            "network": 4,
            "plan_size": 4.5,
            "plan_Volume": "GB",
            "plan_amount": 1700,
            "ussd_string": "*141*6*2*1*4*1*n*p#",
            "sms_command": null,
            "Affilliate_price": 100000,
            "TopUser_price": 100000,
            "api_price": 100000,
            "plan_name_id": null,
            "smeplug_id": null,
            "vtpass_vairiation_code": null,
            "plan_type": "GIFTING",
            "month_validate": "30 days"
        }
    },
    {
        "model": "vtuapp.plan",
        "pk": 149,
        "fields": {
            "network": 4,
            "plan_size": 6.0,
            "plan_Volume": "GB",
            "plan_amount": 2125,
            "ussd_string": "*141*6*2*1*3*1*n*p#",
            "sms_command": null,
            "Affilliate_price": 100000,
            "TopUser_price": 100000,
            "api_price": 100000,
            "plan_name_id": null,
            "smeplug_id": null,
            "vtpass_vairiation_code": null,
            "plan_type": "GIFTING",
            "month_validate": "30 days"
        }
    },
    {
        "model": "vtuapp.plan",
        "pk": 150,
        "fields": {
            "network": 4,
            "plan_size": 8.0,
            "plan_Volume": "GB",
            "plan_amount": 2550,
            "ussd_string": "*141*6*2*1*2*1*n*p#",
            "sms_command": null,
            "Affilliate_price": 100000,
            "TopUser_price": 100000,
            "api_price": 100000,
            "plan_name_id": null,
            "smeplug_id": null,
            "vtpass_vairiation_code": null,
            "plan_type": "GIFTING",
            "month_validate": "30 days"
        }
    },
    {
        "model": "vtuapp.plan",
        "pk": 163,
        "fields": {
            "network": 4,
            "plan_size": 11.0,
            "plan_Volume": "GB",
            "plan_amount": 3400,
            "ussd_string": "*141*6*2*1*1*1*n*p#",
            "sms_command": null,
            "Affilliate_price": 100000,
            "TopUser_price": 100000,
            "api_price": 100000,
            "plan_name_id": null,
            "smeplug_id": null,
            "vtpass_vairiation_code": null,
            "plan_type": "GIFTING",
            "month_validate": "30 days"
        }
    },
    {
        "model": "vtuapp.plan",
        "pk": 164,
        "fields": {
            "network": 4,
            "plan_size": 15.0,
            "plan_Volume": "GB",
            "plan_amount": 4250,
            "ussd_string": "*141*6*2*4*4*1*n*p#",
            "sms_command": null,
            "Affilliate_price": 100000,
            "TopUser_price": 100000,
            "api_price": 100000,
            "plan_name_id": null,
            "smeplug_id": null,
            "vtpass_vairiation_code": null,
            "plan_type": "GIFTING",
            "month_validate": "30 days"
        }
    },
    {
        "model": "vtuapp.plan",
        "pk": 165,
        "fields": {
            "network": 4,
            "plan_size": 40.0,
            "plan_Volume": "GB",
            "plan_amount": 8500,
            "ussd_string": "*141*6*2*4*3*1*n*p#",
            "sms_command": null,
            "Affilliate_price": 100000,
            "TopUser_price": 100000,
            "api_price": 100000,
            "plan_name_id": null,
            "smeplug_id": null,
            "vtpass_vairiation_code": null,
            "plan_type": "GIFTING",
            "month_validate": "30 days"
        }
    },
    {
        "model": "vtuapp.plan",
        "pk": 182,
        "fields": {
            "network": 3,
            "plan_size": 500.0,
            "plan_Volume": "MB",
            "plan_amount": 300,
            "ussd_string": "*229*2*12*n#",
            "sms_command": null,
            "Affilliate_price": 100000,
            "TopUser_price": 100000,
            "api_price": 100000,
            "plan_name_id": null,
            "smeplug_id": null,
            "vtpass_vairiation_code": null,
            "plan_type": "GIFTING",
            "month_validate": "30 days{Gifting}"
        }
    },
    {
        "model": "vtuapp.plan",
        "pk": 183,
        "fields": {
            "network": 3,
            "plan_size": 1.5,
            "plan_Volume": "GB",
            "plan_amount": 600,
            "ussd_string": "*229*2*7*n#",
            "sms_command": null,
            "Affilliate_price": 100000,
            "TopUser_price": 100000,
            "api_price": 100000,
            "plan_name_id": null,
            "smeplug_id": null,
            "vtpass_vairiation_code": null,
            "plan_type": "GIFTING",
            "month_validate": "30 days{Gifting}"
        }
    },
    {
        "model": "vtuapp.plan",
        "pk": 184,
        "fields": {
            "network": 3,
            "plan_size": 2.0,
            "plan_Volume": "GB",
            "plan_amount": 720,
            "ussd_string": "*229*2*25*n#",
            "sms_command": null,
            "Affilliate_price": 100000,
            "TopUser_price": 100000,
            "api_price": 100000,
            "plan_name_id": null,
            "smeplug_id": null,
            "vtpass_vairiation_code": null,
            "plan_type": "GIFTING",
            "month_validate": "30 days{Gifting}"
        }
    },
    {
        "model": "vtuapp.plan",
        "pk": 185,
        "fields": {
            "network": 3,
            "plan_size": 3.0,
            "plan_Volume": "GB",
            "plan_amount": 900,
            "ussd_string": "*229*2*3*n#",
            "sms_command": null,
            "Affilliate_price": 100000,
            "TopUser_price": 100000,
            "api_price": 100000,
            "plan_name_id": null,
            "smeplug_id": null,
            "vtpass_vairiation_code": null,
            "plan_type": "GIFTING",
            "month_validate": "30 days{Gifting}"
        }
    },
    {
        "model": "vtuapp.plan",
        "pk": 186,
        "fields": {
            "network": 3,
            "plan_size": 4.5,
            "plan_Volume": "GB",
            "plan_amount": 1200,
            "ussd_string": "*229*2*8*n#",
            "sms_command": null,
            "Affilliate_price": 100000,
            "TopUser_price": 100000,
            "api_price": 100000,
            "plan_name_id": null,
            "smeplug_id": null,
            "vtpass_vairiation_code": null,
            "plan_type": "GIFTING",
            "month_validate": "30 days{Gifting}"
        }
    },
    {
        "model": "vtuapp.plan",
        "pk": 187,
        "fields": {
            "network": 3,
            "plan_size": 11.0,
            "plan_Volume": "GB",
            "plan_amount": 2400,
            "ussd_string": "*229*2*36*n#",
            "sms_command": null,
            "Affilliate_price": 100000,
            "TopUser_price": 100000,
            "api_price": 100000,
            "plan_name_id": null,
            "smeplug_id": null,
            "vtpass_vairiation_code": null,
            "plan_type": "GIFTING",
            "month_validate": "30 days{Gifting}"
        }
    },
    {
        "model": "vtuapp.plan",
        "pk": 188,
        "fields": {
            "network": 3,
            "plan_size": 15.0,
            "plan_Volume": "GB",
            "plan_amount": 3000,
            "ussd_string": "*229*2*37*n#",
            "sms_command": null,
            "Affilliate_price": 100000,
            "TopUser_price": 100000,
            "api_price": 100000,
            "plan_name_id": null,
            "smeplug_id": null,
            "vtpass_vairiation_code": null,
            "plan_type": "GIFTING",
            "month_validate": "30 days{Gifting}"
        }
    },
    {
        "model": "vtuapp.plan",
        "pk": 189,
        "fields": {
            "network": 3,
            "plan_size": 40.0,
            "plan_Volume": "GB",
            "plan_amount": 6000,
            "ussd_string": "*229*4*1*n#",
            "sms_command": null,
            "Affilliate_price": 100000,
            "TopUser_price": 100000,
            "api_price": 100000,
            "plan_name_id": null,
            "smeplug_id": null,
            "vtpass_vairiation_code": null,
            "plan_type": "GIFTING",
            "month_validate": "30 days{Gifting}"
        }
    },
    {
        "model": "vtuapp.plan",
        "pk": 190,
        "fields": {
            "network": 3,
            "plan_size": 75.0,
            "plan_Volume": "GB",
            "plan_amount": 9450,
            "ussd_string": "*229*2*4*n#",
            "sms_command": null,
            "Affilliate_price": 100000,
            "TopUser_price": 100000,
            "api_price": 100000,
            "plan_name_id": null,
            "smeplug_id": null,
            "vtpass_vairiation_code": null,
            "plan_type": "GIFTING",
            "month_validate": "30 days{Gifting}"
        }
    },
    {
        "model": "vtuapp.plan",
        "pk": 191,
        "fields": {
            "network": 4,
            "plan_size": 75.0,
            "plan_Volume": "GB",
            "plan_amount": 12750,
            "ussd_string": "*141*6*2*4*2*1*n*p#",
            "sms_command": null,
            "Affilliate_price": 100000,
            "TopUser_price": 100000,
            "api_price": 100000,
            "plan_name_id": null,
            "smeplug_id": null,
            "vtpass_vairiation_code": null,
            "plan_type": "GIFTING",
            "month_validate": "30 days"
        }
    },
    {
        "model": "vtuapp.plan",
        "pk": 192,
        "fields": {
            "network": 4,
            "plan_size": 6.0,
            "plan_Volume": "GB",
            "plan_amount": 1275,
            "ussd_string": "*141*6*2*2*1*1*n*p#",
            "sms_command": null,
            "Affilliate_price": 100000,
            "TopUser_price": 100000,
            "api_price": 100000,
            "plan_name_id": null,
            "smeplug_id": null,
            "vtpass_vairiation_code": null,
            "plan_type": "GIFTING",
            "month_validate": "7days"
        }
    },
    {
        "model": "vtuapp.plan",
        "pk": 193,
        "fields": {
            "network": 4,
            "plan_size": 110.0,
            "plan_Volume": "GB",
            "plan_amount": 17000,
            "ussd_string": "*141*6*2*4*1*1*n*p#",
            "sms_command": null,
            "Affilliate_price": 100000,
            "TopUser_price": 100000,
            "api_price": 100000,
            "plan_name_id": null,
            "smeplug_id": null,
            "vtpass_vairiation_code": null,
            "plan_type": "GIFTING",
            "month_validate": "30 days"
        }
    },
    {
        "model": "vtuapp.plan",
        "pk": 194,
        "fields": {
            "network": 2,
            "plan_size": 1.05,
            "plan_Volume": "GB",
            "plan_amount": 500,
            "ussd_string": "*127*57*p#",
            "sms_command": "*127*57*p#",
            "Affilliate_price": 100000,
            "TopUser_price": 100000,
            "api_price": 100000,
            "plan_name_id": null,
            "smeplug_id": null,
            "vtpass_vairiation_code": null,
            "plan_type": "",
            "month_validate": "30days"
        }
    },
    {
        "model": "vtuapp.plan",
        "pk": 195,
        "fields": {
            "network": 2,
            "plan_size": 2.5,
            "plan_Volume": "GB",
            "plan_amount": 1000,
            "ussd_string": "*127*53*p#",
            "sms_command": "*127*53*p#",
            "Affilliate_price": 100000,
            "TopUser_price": 100000,
            "api_price": 100000,
            "plan_name_id": null,
            "smeplug_id": null,
            "vtpass_vairiation_code": null,
            "plan_type": "",
            "month_validate": "30days"
        }
    },
    {
        "model": "vtuapp.plan",
        "pk": 196,
        "fields": {
            "network": 2,
            "plan_size": 4.1,
            "plan_Volume": "GB",
            "plan_amount": 1500,
            "ussd_string": "*127*16*p#",
            "sms_command": "*127*16*p#",
            "Affilliate_price": 100000,
            "TopUser_price": 100000,
            "api_price": 100000,
            "plan_name_id": null,
            "smeplug_id": null,
            "vtpass_vairiation_code": null,
            "plan_type": "",
            "month_validate": "30days"
        }
    },
    {
        "model": "vtuapp.plan",
        "pk": 197,
        "fields": {
            "network": 2,
            "plan_size": 5.8,
            "plan_Volume": "GB",
            "plan_amount": 2000,
            "ussd_string": "*127*55*p#",
            "sms_command": "*127*55*p#",
            "Affilliate_price": 100000,
            "TopUser_price": 100000,
            "api_price": 100000,
            "plan_name_id": null,
            "smeplug_id": null,
            "vtpass_vairiation_code": null,
            "plan_type": "",
            "month_validate": "30days"
        }
    },
    {
        "model": "vtuapp.plan",
        "pk": 198,
        "fields": {
            "network": 2,
            "plan_size": 7.7,
            "plan_Volume": "GB",
            "plan_amount": 2500,
            "ussd_string": "*127*58*p#",
            "sms_command": "*127*58*p#",
            "Affilliate_price": 100000,
            "TopUser_price": 100000,
            "api_price": 100000,
            "plan_name_id": null,
            "smeplug_id": null,
            "vtpass_vairiation_code": null,
            "plan_type": "",
            "month_validate": "30days"
        }
    },
    {
        "model": "vtuapp.plan",
        "pk": 199,
        "fields": {
            "network": 2,
            "plan_size": 10.0,
            "plan_Volume": "GB",
            "plan_amount": 3000,
            "ussd_string": "*127*54*p#",
            "sms_command": "*127*54*p#",
            "Affilliate_price": 100000,
            "TopUser_price": 100000,
            "api_price": 100000,
            "plan_name_id": null,
            "smeplug_id": null,
            "vtpass_vairiation_code": null,
            "plan_type": "",
            "month_validate": "30 days"
        }
    },
    {
        "model": "vtuapp.plan",
        "pk": 200,
        "fields": {
            "network": 2,
            "plan_size": 13.25,
            "plan_Volume": "GB",
            "plan_amount": 4000,
            "ussd_string": "*127*59*p#",
            "sms_command": "*127*59*p#",
            "Affilliate_price": 100000,
            "TopUser_price": 100000,
            "api_price": 100000,
            "plan_name_id": null,
            "smeplug_id": null,
            "vtpass_vairiation_code": null,
            "plan_type": "",
            "month_validate": "30days"
        }
    },
    {
        "model": "vtuapp.plan",
        "pk": 201,
        "fields": {
            "network": 2,
            "plan_size": 18.25,
            "plan_Volume": "GB",
            "plan_amount": 5000,
            "ussd_string": "*127*2*p#",
            "sms_command": "*127*2*p#",
            "Affilliate_price": 100000,
            "TopUser_price": 100000,
            "api_price": 100000,
            "plan_name_id": null,
            "smeplug_id": null,
            "vtpass_vairiation_code": null,
            "plan_type": "",
            "month_validate": "30days"
        }
    },
    {
        "model": "vtuapp.plan",
        "pk": 202,
        "fields": {
            "network": 2,
            "plan_size": 29.5,
            "plan_Volume": "GB",
            "plan_amount": 8000,
            "ussd_string": "*127*1*p#",
            "sms_command": "*127*1*p#",
            "Affilliate_price": 100000,
            "TopUser_price": 100000,
            "api_price": 100000,
            "plan_name_id": null,
            "smeplug_id": null,
            "vtpass_vairiation_code": null,
            "plan_type": "",
            "month_validate": "30days"
        }
    },
    {
        "model": "vtuapp.plan",
        "pk": 203,
        "fields": {
            "network": 2,
            "plan_size": 50.0,
            "plan_Volume": "GB",
            "plan_amount": 10000,
            "ussd_string": "*127*11*p#",
            "sms_command": "*127*11*p#",
            "Affilliate_price": 100000,
            "TopUser_price": 100000,
            "api_price": 100000,
            "plan_name_id": null,
            "smeplug_id": null,
            "vtpass_vairiation_code": null,
            "plan_type": "",
            "month_validate": "30 days"
        }
    },
    {
        "model": "vtuapp.plan",
        "pk": 204,
        "fields": {
            "network": 2,
            "plan_size": 93.0,
            "plan_Volume": "GB",
            "plan_amount": 15000,
            "ussd_string": "*127*12*p#",
            "sms_command": "*127*12*p#",
            "Affilliate_price": 100000,
            "TopUser_price": 100000,
            "api_price": 100000,
            "plan_name_id": null,
            "smeplug_id": null,
            "vtpass_vairiation_code": null,
            "plan_type": "",
            "month_validate": "30days"
        }
    },
    {
        "model": "vtuapp.plan",
        "pk": 205,
        "fields": {
            "network": 2,
            "plan_size": 119.0,
            "plan_Volume": "GB",
            "plan_amount": 18000,
            "ussd_string": "*127*13*p#",
            "sms_command": "*127*13*p#",
            "Affilliate_price": 100000,
            "TopUser_price": 100000,
            "api_price": 100000,
            "plan_name_id": null,
            "smeplug_id": null,
            "vtpass_vairiation_code": null,
            "plan_type": "",
            "month_validate": "30days"
        }
    },
    {
        "model": "vtuapp.plan",
        "pk": 206,
        "fields": {
            "network": 2,
            "plan_size": 138.0,
            "plan_Volume": "GB",
            "plan_amount": 20000,
            "ussd_string": "*127*33*p#",
            "sms_command": "*127*33*p#",
            "Affilliate_price": 100000,
            "TopUser_price": 100000,
            "api_price": 100000,
            "plan_name_id": null,
            "smeplug_id": null,
            "vtpass_vairiation_code": null,
            "plan_type": "",
            "month_validate": "30 days"
        }
    }
]